esquema,medida,estimado,ee,li,ls,ancho,excluye_cero
ingenuo,r general,0.027810857480784937,0.004467404987522601,0.019265613053934986,0.03653720792814957,0.017271594874214587,TRUE
ingenuo,r Cinturón de Fuego,0.006968486526460262,0.005135243599766712,-0.002773714481866197,0.01690754387778227,0.019681258359648467,FALSE
ingenuo,r Resto,0.0667119674704186,0.010653381699069013,0.04575609293929148,0.0872435290865817,0.04148743614729022,TRUE
ingenuo,diferencia de r (Resto - CdF),0.059743480943958344,0.011856245047355853,0.03638291505773091,0.08269475256502937,0.046311837507298455,TRUE
ingenuo,diferencia de medias (km),48.89085434769241,0.6492408830718891,47.64826987179749,50.173395325871105,2.525125454073617,TRUE
ingenuo,d de Cohen,0.48686801643198924,0.004402856936267598,0.477908566942787,0.4953167629557401,0.017408196012953125,TRUE
ingenuo,g de Hedges,0.48686160923411376,0.004402798994536665,0.47790227765153875,0.49531024457210393,0.017407966920565177,TRUE
ingenuo,d_av (promedio de varianzas),0.5637137525568071,0.006051925986340614,0.5515628820958937,0.5753537664457996,0.02379088434990595,TRUE
ingenuo,Delta de Glass (ref. Resto),1.2951398534329837,0.05957003977182472,1.1861318988754592,1.4181836586070777,0.2320517597316185,TRUE
secuencia,r general,0.027810857480784937,0.0047253536873792055,0.01876424664442201,0.037272303884638,0.01850805724021599,TRUE
secuencia,r Cinturón de Fuego,0.006968486526460262,0.0054568341560060196,-0.003350250821891259,0.01795912619320862,0.02130937701509988,FALSE
secuencia,r Resto,0.0667119674704186,0.010961338736448268,0.04601356495459351,0.08831821171828586,0.04230464676369235,TRUE
secuencia,diferencia de r (Resto - CdF),0.059743480943958344,0.012234302894321017,0.03543687887965883,0.08370212464810729,0.04826524576844846,TRUE
secuencia,diferencia de medias (km),48.89085434769241,0.6754632638446935,47.56163641037651,50.19759182087626,2.6359554104997542,TRUE
secuencia,d de Cohen,0.48686801643198924,0.004616974988149306,0.4781171615902949,0.49612679980101904,0.018009638210724155,TRUE
secuencia,g de Hedges,0.48686160923411376,0.004616912461131223,0.4781108753667502,0.49612026959424776,0.018009394227497588,TRUE
secuencia,d_av (promedio de varianzas),0.5637137525568071,0.006272441389833903,0.5514828013954991,0.5762643389037814,0.02478153750828227,TRUE
secuencia,Delta de Glass (ref. Resto),1.2951398534329837,0.061863839902270214,1.1829705224246614,1.4271646306797308,0.24419410825506938,TRUE
